Remington,Thomas
Logan,Hahn
Fallon,Conley
Marvin,Pham
Raelyn,Villanueva
Huxley,Farrell
Kassidy,Strong
Axl,Merritt
Kaisley,Stafford
Alfredo,Griffith
Alicia,Walker
Luke,Ruiz
Emery,Weber
Crew,Lang
Amirah,Wong
Walter,Knight
Gracie,Guevara
Tommy,Waters
Bristol,Ruiz
Austin,Fox
Juliette,Potter
Lucca,Ahmed
Jolie,Bravo
Genesis,Chen
Valeria,Noble
Idris,Williams
Ava,Maynard
Landry,Padilla
Maggie,Greene
Griffin,Anderson
Ella,Robinson
Matthew,Leonard
Demi,Blanchard
Adler,Bullock
Winnie,Lara
Caiden,Ponce
Aileen,Mathis
Gustavo,Krueger
Kamari,Preston
Vincenzo,Cortes
Lea,Hebert
Guillermo,Saunders
Meadow,Morgan
Hunter,Guerra
Edith,Davila
Grey,Eaton
Miley,Bates
Ellis,Ware
Eileen,Strong
Axl,Dennis
Maisie,Morrow
Kyree,Rosas
Joelle,Pacheco
Erik,Stanley
Gracelyn,Johnson
Noah,Sharp
Camryn,Moss
Porter,Greer
Reina,Buchanan
Enrique,Horn
Avah,Clay
Yosef,Nash
Novah,Mayer
Yahir,Villalobos
Zoya,Hardin
Hassan,Estes
Brittany,Fischer
Leonidas,Nielsen
Vienna,Copeland
Axton,Bush
Everlee,Heath
Lionel,Green
Zoe,Schultz
Cody,Moreno
Mary,Love
Jeffrey,Washington
Valerie,Oliver
Karson,Castillo
Eva,Morse
Bode,Khan
Mabel,Horne
Zev,Trujillo
Danielle,Palmer
Theo,Mahoney
Promise,Henson
Bellamy,Hunt
Genevieve,Howell
Bradley,Durham
Tiffany,Preston
Vincenzo,Hensley
Malaya,Silva
Luka,Frost
Paula,O’Neill
Marcel,Glass
Clare,Solis
Ronin,Woodward
Drew,Horne
Zev,Jefferson
Julieta,Davila
Grey,Logan
Kora,Powell
Bennett,Davis
Mia,McDaniel
Major,Burnett
Emberly,Vaughn
Remy,Franco
Charleigh,Franklin
Simon,Hull
Andi,Carson
Ares,Guevara
Teresa,Richmond
Mordechai,Fletcher
Anaya,Moran
Tate,Peterson
Caroline,Atkins
Cason,Clarke
Kaitlyn,Pope
Gunnar,Tapia
Michaela,Ibarra
Asa,Malone
Skyler,Macias
Moshe,Sexton
Ellen,Barajas
Brennan,Hunt
Genevieve,Silva
Luka,Rios
Brooke,Bonilla
Aden,McIntosh
Gwen,Moran
Tate,Blake
Amanda,Ayala
Tanner,Singleton
Malaysia,Soto
Barrett,Nelson
Everly,Rich
Miller,Parsons
Maia,Luna
Erick,Blackwell
Saoirse,Glass
Allan,McBride
Kelsey,Gross
Quinn,Branch
Luisa,Rivera
Charles,Charles
Jenna,Stevens
Zachary,Rogers
Madelyn,Andrade
Abdiel,Conner
Alondra,O’Connell
Jovanni,May
Adriana,Oliver
Karson,McClure
Estella,Yoder
Johan,Felix
Paisleigh,Nielsen
Tru,Moore
Emily,Bullock
Ben,Pugh
Landry,Patrick
Derrick,Shepard
Noor,Zimmerman
Sergio,Barton
Danna,Stafford
Alfredo,Knox
Kallie,Warren
Abel,Rivas
Averie,Valdez
Kyler,Brady
Ryan,Yu
Bryant,Maldonado
Elaina,Rivas
Damon,Ventura
Zora,Owens
Adriel,Gray
Sarah,Lynn
Zechariah,Robbins
Stevie,Parrish
Karsyn,Vance
Maxine,Adams
Hudson,Roy
Savanna,Daniels
Xander,Horn
Avah,Schwartz
Edwin,Lowery
Estelle,Todd
Baylor,McClain
Marleigh,Spears
Ameer,Lowery
Estelle,Kane
Brock,Carr
Rowan,Pace
Dior,Conley
Salem,Cano
Terry,Stevens
Katherine,Curtis
Muhammad,Blevins
Aila,Crane
Fox,Nicholson
Justice,Choi
Khari,Watts
Melissa,Cantu
Anakin,Stark
Kamilah,Armstrong
Grant,Paul
Daphne,Simpson
Elliott,Wheeler
Sydney,Beard
Nathanael,Moyer
Zola,Sharp
Royce,Sanders
Everleigh,Banks
Martin,Esparza
Ramona,Hernandez
Mason,Finley
Jovie,Cannon
Archie,Haynes
Lexi,McLaughlin
Ibrahim,Gardner
Jordyn,Rios
Israel,Velazquez
Jaliyah,Meadows
Wayne,Hail
Lainey,Marsh
Bo,Avery
Meghan,Mullen
Shepard,Ball
Abby,Ponce
Langston,Cobb
Aviana,Boyer
Zeke,Roman
Astrid,Travis
Willie,Stanley
Gracelyn,Sanford
Truett,Daniels
Ember,Wiggins
Azariah,Mejia
Saylor,Holmes
King,Zimmerman
Ariyah,Delgado
Colt,Bonilla
Romina,Clarke
Stetson,Ayers
Simone,Mercado
Abram,Malone
Skyler,Ballard
Kenzo,Guerra
Edith,Sexton
Mylo,Thomas
Elizabeth,Black
Matteo,Orr
Alaiya,Hickman
Jakobe,Benson
Collins,Vaughn
Remy,Blair
Frances,Edwards
Adrian,Beard
Ezra,Jackson
Sebastian,Quintana
Kenia,Sweeney
Nixon,Bowen
Dream,Harrell
Nelson,Daniels
Ember,Barron
Dustin,Hood
Briana,Vance
Casen,Watson
Hailey,Henderson
Beau,Fernandez
Amara,Galindo
Salvatore,Greene
Selena,Hernandez
Mason,Dalton
Lilian,Randolph
Eugene,Pollard
Marisol,Joseph
Kyle,Hurley
Rylan,Fletcher
Jay,Crane
Della,Cano
Terry,Lawrence
Lauren,Price
Brooks,Banks
Cali,Peralta
Dangelo,Barrett
Kendall,Hicks
Maddox,Martin
Mila,Howell
Bradley,Lawrence
Lauren,Hawkins
Victor,Hensley
Malaya,Kerr
Louie,Watkins
Lola,Hoover
Jaziel,Wolfe
Hallie,Love
Jeffrey,Greer
Reina,Conrad
Dilan,Stanton
Jaycee,Patel
Parker,Christensen
Carmen,Beil
Ariel,Barrett
Kendall,Evans
Elias,Terry
Wren,Burke
Jax,Nelson
Everly,Corona
Darian,Fox
Juliette,Peters
Patrick,Burgess
Emory,Ellis
Cole,Case
Cleo,Church
Terrance,Lozano
Cecelia,Foley
Mohammad,Moon
Naya,Gilbert
Tobias,Herrera
Ximena,Gilbert
Tobias,Barry
Waverly,Archer
Ephraim,Mahoney
Promise,Acevedo
Dakari,Durham
Tiffany,Hawkins
Victor,Shannon
Harlee,Montes
Darren,Terry
Wren,Hood
Brixton,Flores
Emilia,Chambers
Orion,Day
Hayden,Goodman
Philip,Cantrell
Yamileth,Villegas
Clyde,Nolan
Itzayana,Richmond
Mordechai,Cline
Lina,Hartman
Baker,Howard
Sophie,Estrada
Phoenix,Robinson
Nora,Beard
Nathanael,Lee
Scarlett,Woodard
Westley,Small
Zaria,Blanchard
Adler,Yates
Charley,Church
Terrance,Keith
Elyse,Pugh
Judson,Shaw
Emersyn,Hicks
Maddox,Hinton
Jaelynn,Terry
Armani,Myers
Lydia,Bowman
Francisco,Arellano
Faye,Mata
Ray,Olsen
Oaklyn,Anderson
Jacob,Wilcox
Ashlyn,Gallagher
Marcos,Paul
Daphne,Estes
Hakeem,Donovan
Azariah,Stout
Callahan,Brooks
Autumn,Fry
Jacoby,Ochoa
Luciana,Daniel
Grady,Shah
Angelica,Rios
Israel,Travis
Mazikee,Rhodes
Titus,Vo
Artemis,Pugh
Judson,Hobbs
Lacey,Gilbert
Tobias,Romero
Eliza,Jensen
Cash,Winters
Kataleya,Nguyen
Gabriel,Green
Zoe,Trujillo
Apollo,Kline
Sevyn,Watson
Greyson,Dunn
Olive,Eaton
Leighton,Benson
Collins,Cervantes
Kamari,Roman
Astrid,Dorsey
Enoch,Ross
Peyton,Craig
Odin,Farmer
Madelynn,Benjamin
Kyro,Lang
Amirah,Johns
Joziah,Cordova
Florence,Wong
Walter,Roman
Astrid,Mack
Esteban,Campbell
Addison,Marin
Aldo,Maddox
Zainab,Mejia
Atticus,Benitez
Aliza,Ballard
Kenzo,Sutton
Izabella,Wolf
Jase,Avalos
Paloma,Chambers
Orion,Gray
Sarah,Sawyer
Jefferson,Hodges
Eve,Ingram
Tripp,Hunter
Khloe,Hale
Ezequiel,Wyatt
Liberty,Branch
Keenan,Blake
Amanda,Hickman
Jakobe,Bond
Alena,Conrad
Dilan,Campos
Sutton,Brewer
Cruz,Ho
Calliope,White
Aiden,Pace
Giana,Martinez
Alexander,Escobar
Erin,Rice
Graham,Bond
Alena,Schwartz
Edwin,Bentley
Jaylin,Casey
Armando,Briggs
Alia,Odom
Kylian,Osborne
Shelby,Pollard
Jad,Carey
Alora,Bush
Tyson,Walker
Hazel,Dickerson
Flynn,Dougherty
Alisson,Zavala
Dillon,Hunt
Genevieve,Gaines
Talon,Kim
Gabriella,Bruce
Uriah,Arias
Aleah,Rosas
Remi,Simon
Kalani,Browning
Rohan,Aguirre
Ariah,Orozco
Keanu,Duarte
Kynlee,Schaefer
Ishaan,Pitts
Nala,Washington
Juan,Gibbs
Carter,Duran
Ismael,Parks
Ainsley,Harrington
Omari,Cabrera
Daleyza,Pruitt
Gatlin,Olson
Isabel,Wolfe
Donovan,Hickman
Scarlette,Craig
Odin,Simmons
Reagan,Lucas
Chance,Yoder
Emerie,Gilmore
Vihaan,Salinas
Royalty,Holt
Niko,Tran
Kylie,Schwartz
Edwin,Barry
Waverly,Ho
Morgan,Warner
Wynter,Sosa
Emir,Horne
Marlowe,Bernard
Jair,Rowland
Harleigh,Serrano
Milan,Padilla
Maggie,Wilkerson
Carmelo,Calhoun
Thalia,Manning
Seth,Frazier
Octavia,Sheppard
Trent,Rojas
Adaline,Goodwin
Kaison,Hardin
Vada,Cunningham
Alejandro,Nunez
Mya,Garrett
Kairo,Flores
Emilia,Love
Jeffrey,Fisher
Arya,McCullough
Briar,Morris
Genesis,Schmidt
Zayden,Luna
Journey,Evans
Elias,Krueger
Kamari,Arias
Alec,Huynh
Oaklee,Ayala
Tanner,Felix
Paisleigh,Costa
Kenji,Garner
Jacqueline,Golden
Amias,Shelton
Makenzie,Castaneda
Collin,Oliver
Camille,Oliver
Karson,Phan
Elsa,Schmidt
Zayden,Murphy
Bella,Cardenas
Johnathan,Welch
Amira,Mejia
Atticus,Carson
Nalani,Michael
Bronson,Tanner
Harmoni,Shaffer
Dexter,Hudson
Kamila,Lowery
Jaxxon,Larsen
Xiomara,Calhoun
Gary,Wilkerson
Janiyah,Sheppard
Trent,Perkins
Sage,Fleming
Fernando,Haley
Addilynn,Neal
Kane,Michael
Aubriella,Sherman
Adan,Ochoa
Luciana,Maldonado
Javier,Perry
Clara,Roach
Caspian,Garner
Jacqueline,Fleming
Fernando,Lindsey
Colette,Sharp
Royce,Kirk
Ellis,Harris
Samuel,Watson
Hailey,Salinas
Edgar,Peralta
Malayah,Bond
Roger,Gaines
Aya,Sanchez
Joseph,Russo
Tinsley,Vu
Kamdyn,McConnell
Denise,Ventura
Branson,McDaniel
Dahlia,Morse
Bode,Wells
Cecilia,Johns
Joziah,Austin
Alivia,Pierce
Nicolas,Cervantes
Aylin,Navarro
Reid,Johnston
Laila,Myers
Adam,McClain
Marleigh,McMillan
Rocky,Woodward
Drew,Owen
Cannon,McDonald
Daisy,Fitzpatrick
Blaze,Lin
Makenna,Rollins
Wes,York
Milan,Russell
Weston,Mullen
Shay,Lewis
Wyatt,Magana
Amaris,Jefferson
Raylan,Bullock
Winnie,Zhang
Isaias,Patrick
Lyra,Clements
Fisher,Ross
Peyton,Gonzalez
Ethan,Tran
Kylie,McKinney
Romeo,Strong
Margo,Murphy
Cameron,Snow
Alexia,Chase
Otis,Hahn
Fallon,Snow
Houston,Mack
Nadia,Cruz
Ryan,Little
Harley,Vang
Jimmy,Bush
Everlee,Livingston
Ambrose,Love
Avianna,Dyer
Atreus,Whitaker
Ivanna,Pruitt
Gatlin,Simpson
Anastasia,Koch
Salvador,Thompson
Madison,Galvan
Kingsley,Costa
Robin,Petersen
Samson,Frederick
Sariyah,Stephenson
Joe,Benson
Collins,Newton
Santino,Perry
Clara,Hayden
Leroy,Yoder
Emerie,Goodwin
Kaison,Brock
Jada,Lambert
Mario,Yang
Angelina,Palmer
Theo,Richmond
Whitney,Stewart
Nolan,Wyatt
Liberty,Branch
Keenan,Dillon
Laurel,Avila
Jaylen,Osborne
Shelby,Guerra
Leland,Gill
Jordan,Morgan
Hunter,Hinton
Jaelynn,Savage
Keaton,Green
Zoe,Ballard
Kenzo,Phan
Elsa,Middleton
Misael,Wolfe
Hallie,Whitney
Jeffery,Pratt
Ailani,Hinton
Frankie,Lindsey
Colette,Lynn
Zechariah,Abbott
Melany,Alvarado
Andres,Massey
Clementine,Compton
Abner,Buck
Livia,Archer
Ephraim,Ramsey
Lyric,Navarro
Reid,Washington
Valerie,Webb
Lorenzo,Shaw
Emersyn,Kennedy
Maxwell,Young
Zoey,Guerrero
Bryce,Glass
Clare,Murillo
Lance,Acosta
Kaia,Colon
Bruce,Clay
Aliana,Blair
Troy,Estes
Brittany,Garrison
Noe,Pennington
Yareli,Meyers
Julien,Kramer
Hanna,Jennings
Corbin,Herring
Denver,Beil
Ariel,Wade
Evie,Brock
Julio,Rosas
Joelle,Mayo
Jericho,Norman
Malani,Cortez
Zayn,Newton
Braelynn,Hahn
Kabir,Mejia
Saylor,Corona
Darian,Archer
Kadence,Cochran
Danny,Becker
Laura,Rice
Graham,Weiss
Lennox,Tanner
Bruno,Simon
Kalani,Beltran
Ricky,Harvey
Nicole,Powell
Bennett,Hart
Gemma,Phan
Maison,Sandoval
Elsie,McConnell
London,Hoover
Virginia,Davila
Grey,Sandoval
Elsie,Boyd
Dean,Hester
Zendaya,Ware
Tadeo,Nash
Novah,Lowe
Julius,Jenkins
Rylee,Rosales
Wilder,Pratt
Ailani,Hernandez
Mason,Hurley
Rylan,Lamb
Kaysen,Pittman
Marie,Elliott
Blake,Harvey
Nicole,Hicks
Maddox,Craig
Brynn,Hubbard
Forrest,Mullen
Shay,Schaefer
Ishaan,Sosa
Cassandra,Hansen
Charlie,Rowe
Matilda,Melton
Lennon,Huff
Karsyn,Andrews
Lukas,Lyons
Kenzie,Xiong
Azrael,Andrade
Emmy,Potts
Alfred,Griffin
Charlie,Pruitt
Gatlin,Ayala
Blair,Spencer
Ace,Compton
Elina,Barr
Harley,Hickman
Scarlette,Choi
Khari,Lee
Scarlett,Arias
Alec,Bennett
Josephine,Orr
Benicio,Parrish
Tiana,Suarez
Soren,Huerta
Dulce,Norton
Callen,Moran
Celeste,Griffin
Ayden,Charles
Jenna,McLean
Crosby,Watkins
Lola,Orr
Benicio,Hammond
Holly,Beil
Ariel,Lara
Heidi,Harris
Samuel,Santos
Alana,Diaz
Nathan,Warren
Sloane,Chung
Ira,Waller
Whitley,Joseph
Kyle,Logan
Kora,Li
Jorge,Travis
Mazikee,Scott
Leo,Santana
Myra,Donaldson
Canaan,Case
Cleo,Juarez
Joaquin,Buck
Livia,Weaver
Tucker,Wise
Mira,Fox
Antonio,Velazquez
Jaliyah,Carrillo
Wade,Ponce
Aileen,Rollins
Wes,Brewer
Thea,Guerra
Leland,Walsh
Leia,King
Julian,Vasquez
Rose,Wade
Jake,McBride
Kelsey,Bryant
Jonah,Ramsey
Lyric,Jensen
Cash,Miranda
Amina,Jackson
Sebastian,Poole
Bonnie,Orozco
Keanu,Flowers
Ariya,Leach
Westin,Caldwell
Evelynn,Parsons
Lewis,O’Neill
Kenna,Matthews
Preston,Price
Piper,Chang
Ari,Silva
Lucia,Farley
Graysen,Hester
Zendaya,McCullough
Briar,Conway
Ryann,Arnold
Abraham,McCoy
Mckenzie,Rubio
Titan,Bailey
Kennedy,Peterson
Santiago,Rojas
Adaline,McClure
Reese,Ellis
Ayla,Bean
Mccoy,Fisher
Arya,Chapman
Knox,Humphrey
Journi,Mullins
Allen,Rosas
Joelle,Tapia
Samir,Day
Hayden,Medrano
Arian,Reed
Valentina,Briggs
Case,Graham
Alaia,Bonilla
Aden,McMillan
Oakleigh,Vincent
Aarav,Gaines
Aya,Ellis
Cole,McGuire
April,McGuire
Casey,Andersen
Zoie,Church
Terrance,Beasley
Jaylah,Adams
Hudson,Berry
Annabelle,Bauer
Kieran,Frank
Dior,Houston
Sylas,Butler
Athena,Sims
Brian,McCann
Joyce,Hahn
Kabir,Stanton
Jaycee,Rubio
Titan,Ward
Ariana,Correa
Zakai,Middleton
Madalyn,Gross
Quinn,Valencia
Maddison,McCormick
Jasiah,Reid
Charlee,Burton
Zander,Cross
Nayeli,Calhoun
Gary,Estrada
Sawyer,Esquivel
Bridger,Good
Nathalia,Daniel
Grady,Ellison
Raina,Magana
Rey,Quintana
Kenia,Craig
Odin,Johnson
Emma,Johnson
Noah,Rollins
Araceli,Whitney
Jeffery,Cooper
Serenity,Schroeder
Izaiah,West
Remi,Schmidt
Zayden,Crosby
Keily,Greer
Koda,Finley
Jovie,Hanna
Aydin,Pruitt
Brylee,Sharp
Royce,Clayton
Saige,Hart
Joel,Barnett
Harlow,Escobar
Zachariah,Hubbard
Rosie,Pennington
Bobby,Glover
Alessia,Conner
Phillip,Williams
Ava,Conway
Orlando,Shah
Angelica,Day
Kayson,Meza
Rosa,Yoder
Johan,Noble
Hunter,Wallace
Chase,Reese
Rosemary,Carr
Kash,Randall
Christina,Salazar
Brody,Wright
Lily,Hicks
Maddox,Sanford
Emerald,Saunders
Kasen,Chase
Angie,Matthews
Preston,Kirk
Ellis,Brewer
Cruz,Schroeder
Cameron,Sweeney
Nixon,Fletcher
Anaya,Swanson
Hugo,Weeks
Karen,Haynes
Kason,Rowe
Matilda,Sexton
Mylo,Ibarra
Madilynn,Gilbert
Tobias,Hickman
Scarlette,Fernandez
Bentley,Anthony
Macy,Hayes
Legend,Barber
Cassidy,Daniel
Grady,Vo
Artemis,Hurst
Neil,Flowers
Ariya,Duke
Kalel,Mathis
Anne,Sellers
Madden,Phillips
Naomi,Mayo
Jericho,Dudley
Hadleigh,Charles
Conrad,Rangel
Gloria,Black
Matteo,Quinn
Heaven,Tyler
Emmitt,Ray
Ruth,Gonzalez
Ethan,English
Kelly,Kim
Roman,Larson
Alayna,Hester
Rene,Steele
Rylie,Vang
Jimmy,Aguirre
Ariah,Ingram
Tripp,Pittman
Marie,Hart
Joel,Pearson
Kiara,Duarte
Abdullah,Valentine
August,Burgess
Kolton,Becker
Laura,Lang
Wells,Berg
Emmalyn,Elliott
Blake,Nunez
Mya,Hicks
Maddox,Guerrero
Margot,Newman
Anderson,Maldonado
Elaina,Rodriguez
Henry,Newman
Oaklynn,Hendrix
Korbyn,Cline
Lina,Fuentes
Bowen,Crawford
Aubree,Leblanc
Braden,Odom
Laylani,Stark
Kristopher,Bradley
Vanessa,Thomas
Logan,Whitaker
Ivanna,Dillon
Alvin,Hunt
Genevieve,Alexander
Kingston,Garza
River,McCann
Heath,Stanley
Gracelyn,Moran
Tate,Alvarez
Leilani,Bryan
Jaxtyn,Meza
Rosa,Sutton
Warren,Combs
Irene,Thompson
Theodore,Deleon
Gabrielle,Salas
Zaiden,Hammond
Holly,Stafford
Alfredo,Wilkinson
Siena,Mays
Jadiel,Garner
Jacqueline,Clay
Yosef,Frederick
Sariyah,Cline
Cullen,Marin
